data_hoje,p_6,p_5,p_4,p_3,p_2,p_1,hoje,f_1,f_2,f_3,f_4,f_5,f_6,f_7,f_8,asset,max_percentual,max_futuro_col
2026-01-30 13:23:30,181939.546875,182490.75,182970.328125,182990.484375,183031.703125,182953.5,182955.1875,182916.84375,182966.4375,182880.21875,182817.0625,182940.515625,182888.796875,182741.34375,182670.59375,BVSP,0.006149046744028507,f_2
